{
  "right_force_history": {
    "mean": [
      -0.0019742255099117756,
      0.24638119339942932,
      1.3229408264160156,
      0.004281276371330023,
      0.004361175000667572,
      0.010177172720432281
    ],
    "std": [
      0.964259922504425,
      0.9412464499473572,
      6.274385929107666,
      0.049559418112039566,
      0.04479207471013069,
      0.02502540685236454
    ]
  }
}