{
  "right_force_history": {
    "mean": [
      -0.0014399782521650195,
      0.19284169375896454,
      1.035017967224121,
      0.00334190740250051,
      0.003408293006941676,
      0.007955951616168022
    ],
    "std": [
      0.7541321516036987,
      0.7347421646118164,
      5.349490642547607,
      0.03392745926976204,
      0.03069319948554039,
      0.020855257287621498
    ]
  }
}