{
  "right_force_history": {
    "mean": [
      -0.0020002301316708326,
      0.24636712670326233,
      1.323123574256897,
      0.0042833550833165646,
      0.004361923784017563,
      0.01017636340111494
    ],
    "std": [
      0.9036933183670044,
      0.8795291781425476,
      6.271477222442627,
      0.042348604649305344,
      0.03827898949384689,
      0.024357479065656662
    ]
  }
}