{
  "robot_obs": {
    "mean": [
      0.5492955446243286,
      0.44795113801956177,
      -0.08028251677751541,
      0.12157851457595825,
      1.6591954231262207,
      -0.11691869795322418,
      1.4389983415603638,
      0.004635851364582777,
      0.002682371996343136,
      0.001284566125832498,
      -0.0014578761765733361,
      -0.0032434777822345495,
      0.013438682071864605
    ],
    "std": [
      0.38484448194503784,
      0.09589625149965286,
      0.12550470232963562,
      0.028397588059306145,
      2.6331160068511963,
      0.1437469720840454,
      0.7031960487365723,
      0.02279939129948616,
      0.02006680704653263,
      0.0170749519020319,
      0.00479596434161067,
      0.014255567453801632,
      0.04232243821024895
    ]
  }
}